tolerance_pct,n_outside_tolerance,pct_outside_tolerance,n_within_or_equal_tolerance_hidden
5,1240,84.93150684931507,220
10,1049,71.84931506849314,411
15,859,58.83561643835616,601
