mae,rmse,r2,mape,median_ae,max_error,model_name,model_type,target_used,evaluation_scale
0.2933497347568869,0.37615561582470075,0.7718212812566035,0.14182574422100971,0.24094369866433762,1.8930610552929608,Linear Regression,linear,log_target_price,log_target_price
0.29162671009512614,0.3746676414905357,0.7736229427398681,0.14117132824768397,0.2411373328830908,1.8763468574734987,Ridge,linear,log_target_price,log_target_price
0.2916965283339411,0.37505543687745757,0.7731540823380232,0.14173794618691282,0.23940977511068562,1.877471118127412,Lasso,linear,log_target_price,log_target_price
0.291490962355499,0.37473240743923647,0.7735446718113597,0.14140962437219307,0.2381982424677318,1.8767239038570485,ElasticNet,linear,log_target_price,log_target_price
0.22335871985617667,0.2958698351351321,0.858830324444731,0.10762056466191172,0.16914213725514582,1.811079968439334,Random Forest,tree_ensemble,log_target_price,log_target_price
0.23028431855155473,0.31180614458875905,0.84321324349769,0.11143063324407199,0.1702669500407018,1.7921887441219544,Extra Trees,tree_ensemble,log_target_price,log_target_price
0.21072778192286706,0.28129030792835336,0.8724003232742737,0.10097942704498139,0.16416402086793247,2.074674248278489,LightGBM,gradient_boosting,log_target_price,log_target_price
0.214651721941878,0.28384868515888934,0.8700686918928391,0.10211900165191123,0.1694300077643015,2.079995821491674,CatBoost,gradient_boosting,log_target_price,log_target_price
