experiment_type,experiment_name,model_name,target_used,tuning_stage,evaluation_scale,n_features,train_rows,valid_rows,test_rows,train_time_sec,predict_time_sec,best_iteration,valid_mae,valid_rmse,valid_r2,valid_mape,valid_mape_pct,valid_median_ae,valid_max_error,stage_number,stage_best_rank_metric,valid_log_scale_mae,valid_log_scale_rmse,valid_log_scale_r2,valid_log_scale_mape,valid_log_scale_mape_pct,valid_log_scale_median_ae,valid_log_scale_max_error
stage_best_result,catboost_log_4_sampling_randomness_3,CatBoost,log_target_price,stage_4_sampling_randomness,target_price,86,4377,1459,1460,3.316396000001987,0.004808099998626858,958,3.17901541804647,5.443190619507409,0.8736919385533966,0.26999927754439224,26.999927754439224,1.7747220847030807,44.63437326800247,4,valid_mae,0.2177805661830251,0.2897637767536901,0.8660853272642393,0.10876744683898737,10.876744683898737,0.16752594498408513,1.5391831237366773
stage_best_result,lgbm_log_4_sampling_randomness_0,LightGBM,log_target_price,stage_4_sampling_randomness,target_price,86,4377,1459,1460,6.1388861000014,0.05149610000080429,2280,3.2039407638157003,5.535093711510932,0.8693907490191416,0.2737479847624987,27.374798476249868,1.7393026211553515,46.24913571577119,4,valid_mae,0.21890046655810705,0.29319659911037055,0.8628935664123305,0.1095369138431991,10.95369138431991,0.16819311404650694,1.5148866613884022
stage_best_result,catboost_price_4_sampling_randomness_1,CatBoost,target_price,stage_4_sampling_randomness,target_price,86,4377,1459,1460,4.359336400000757,0.004239500001858687,1378,3.231944315026841,5.238781591302621,0.8830003484679346,0.30214536581812534,30.214536581812535,1.8503736521047909,41.592177452435834,4,valid_mae,,,,,,,
stage_best_result,lgbm_price_4_sampling_randomness_0,LightGBM,target_price,stage_4_sampling_randomness,target_price,86,4377,1459,1460,6.117096400001174,0.045830799997929716,1492,3.2739087557687174,5.452486263669648,0.8732601633585672,0.30239149157608386,30.239149157608384,1.8516498853961716,51.56126129355167,4,valid_mae,,,,,,,
