mae,rmse,r2,mape,median_ae,max_error,model_name,model_type,target_used,evaluation_scale
0.2618296101336313,0.3357126496205511,0.8182495693355174,0.12527669885162207,0.21198104614590907,1.8717007298880697,Linear Regression,linear,log_target_price,log_target_price
0.26211896131714907,0.3361459533841703,0.8177800965943915,0.125310386350602,0.21189710819395424,1.8786318381711309,Ridge,linear,log_target_price,log_target_price
0.2620650865792228,0.3362620873519119,0.8176541657256586,0.12546955488436398,0.211808438098817,1.8805154944156923,Lasso,linear,log_target_price,log_target_price
0.26204999371891186,0.3361743267904061,0.8177493336624294,0.125392395591233,0.21318197049266352,1.8795573364704619,ElasticNet,linear,log_target_price,log_target_price
0.23119224225141455,0.3094355995260822,0.8455881629399937,0.11233804968269034,0.17726695003389126,1.8155289342496985,Random Forest,tree_ensemble,log_target_price,log_target_price
0.2400841951300252,0.3229427529740986,0.8318135036480231,0.1163003504232396,0.17821270595391336,1.7921887441219544,Extra Trees,tree_ensemble,log_target_price,log_target_price
0.21873436800520193,0.2918868061755606,0.8626056207784816,0.1058122911038733,0.17628651098372772,2.101367999377755,LightGBM,gradient_boosting,log_target_price,log_target_price
0.21929182120953558,0.2900191940935523,0.864358207622813,0.10500104712333963,0.17249298045063655,2.0719554432324605,CatBoost,gradient_boosting,log_target_price,log_target_price
