sample_index,prediction
2529,7.427820195014826
4044,4.7528863545416336
3208,8.626376723811
7104,22.181916768251533
6154,34.95637334389802
