model_name,target_used,delta_rmse (lvl−num),delta_mae  (lvl−num),delta_mape (lvl−num),delta_r2   (lvl−num),mae_pct_diff,rmse_pct_diff,mae_winner,rmse_winner,recommendation
CatBoost,log_target_price,0.013187557134595629,0.03078498060269963,0.007711166491059018,-0.0005685051394013207,0.009311324039879986,0.0023024854017685416,tie,tie,"numeric (simpler, near-equal MAE)"
CatBoost,target_price,0.06903398381639025,0.060515825316608485,0.008961885880205245,-0.002827580758907877,0.018280674379142874,0.012751873041113164,tie,tie,"numeric (simpler, near-equal MAE)"
LightGBM,log_target_price,0.02311532329896071,0.03569773832850842,0.011025272018702403,-0.0009589969284403699,0.011093940660467863,0.0041975525411427125,tie,tie,"numeric (simpler, near-equal MAE)"
LightGBM,target_price,0.16161448851794624,0.06581598075250028,0.008289610759227295,-0.006582091250110889,0.020410717576136557,0.03028492914319732,tie,numeric,"numeric (simpler, near-equal MAE)"
