sample_index,prediction
0,8.881756336812892
1,3.201737791619939
2,6.167479897225487
3,21.721625424907536
4,10.932961581889762
