model_label,error_direction,n_samples,mean_abs_error,median_abs_error,mean_residual
CatBoost_baseline,overprediction,800,3.207538811607622,2.050579640312563,-3.207538811607622
CatBoost_baseline,underprediction,660,3.797215093837168,2.073624071047356,3.797215093837168
CatBoost_tuned,overprediction,795,3.156007718274738,1.9069911077405397,-3.156007718274738
CatBoost_tuned,underprediction,665,3.6315906401906166,2.0038579118388515,3.6315906401906166
LightGBM_baseline,overprediction,782,3.197834950172342,1.910447488551636,-3.197834950172342
LightGBM_baseline,underprediction,678,3.5612418897083438,1.9295655622063244,3.5612418897083438
LightGBM_tuned,overprediction,792,3.1497775296319515,1.8576277348263726,-3.1497775296319515
LightGBM_tuned,underprediction,668,3.6317017241982934,1.9318604079403707,3.6317017241982934
