model_label,mae,rmse,r2,mape_pct,median_ae,max_error,mean_residual,median_residual
LightGBM_baseline,3.3665951590801564,5.7848789171213095,0.8559314565739385,31.900376065081794,1.9175585145053957,51.697961875007536,-0.059030773844187624,-0.20891008891840146
CatBoost_baseline,3.4741048022045398,5.819254610376691,0.8542141619835899,33.508767379905336,2.058037612602557,51.909616944939614,-0.04100622421477199,-0.35303660874665876
LightGBM_tuned,3.3702743528992913,5.842258051447849,0.8530593047103583,31.66580161335539,1.8741321349355937,51.817338010419306,-0.04701852856441478,-0.27925201502352515
CatBoost_tuned,3.372625966955601,5.912733148042646,0.8494928344487745,32.25401622283682,1.942894396058339,56.17132184801251,-0.06439613719291565,-0.24896027981353686
